{
  "(1, 1, 1)": {
    "FORWARD": -99.9888896296467,
    "LEFT": -100.00125500568916,
    "RIGHT": -100.00288484207668
  },
  "(0, 1, 1)": {
    "FORWARD": -3.876240024168253,
    "LEFT": -9.311155644859786,
    "RIGHT": 25.631459377709216
  },
  "(1, 1, 0)": {
    "FORWARD": -4.8235444460734636,
    "LEFT": 21.422427483046242,
    "RIGHT": -10.696764017840666
  },
  "(1, 0, 1)": {
    "FORWARD": -13.605956113419607,
    "LEFT": -6.488782958535246,
    "RIGHT": 0.0
  },
  "(1, 1, 1, 0)": {
    "FORWARD": -107.724740612567,
    "LEFT": -107.73058688732496,
    "RIGHT": -107.7403007068544
  },
  "(1, 1, 1, 1)": {
    "FORWARD": -106.80245893790523,
    "LEFT": -106.87631633158428,
    "RIGHT": -106.74632764204296
  },
  "(1, 0, 1, 0)": {
    "FORWARD": -62.533311152040746,
    "LEFT": -63.06710679439938,
    "RIGHT": -59.00703151563652
  }
}